Feature,MeanAbsSHAP
open_interest,0.00038086455577608305
vwap,0.00029985308808524026
frac_diff_btcusdt_bid_mean_price_0.5,0.00018692178311721885
frac_diff_btcusdt_ask_mean_price_0.5,0.0001687233317524814
volume,3.92119230901457e-05
